timestamp_utc,gpu,world_size,payload_mib,warmup_iterations,measured_iterations,mean_rank_latency_ms,max_rank_latency_ms
2026-10-09T03:51:13.535281+00:00,NVIDIA RTX PRO 6000 Blackwell Server Edition,2,1,5,20,0.0768833328038454,0.07698899134993553
2026-10-09T03:51:13.546632+00:00,NVIDIA RTX PRO 6000 Blackwell Server Edition,2,10,5,20,0.3785382490605116,0.3789531998336315
2026-10-09T03:51:13.635852+00:00,NVIDIA RTX PRO 6000 Blackwell Server Edition,2,100,5,20,3.500616690143943,3.502750489860773
2026-10-09T03:51:13.980667+00:00,NVIDIA RTX PRO 6000 Blackwell Server Edition,2,1024,5,5,34.29142273962498,34.29668806493282
2026-10-09T03:52:06.317773+00:00,NVIDIA RTX PRO 6000 Blackwell Server Edition,4,1,5,20,0.11753418948501348,0.11865496635437012
2026-10-09T03:52:06.337048+00:00,NVIDIA RTX PRO 6000 Blackwell Server Edition,4,10,5,20,0.6290677469223738,0.660881120711565
2026-10-09T03:52:06.488709+00:00,NVIDIA RTX PRO 6000 Blackwell Server Edition,4,100,5,20,5.963489762507379,5.979947466403246
2026-10-09T03:52:07.117660+00:00,NVIDIA RTX PRO 6000 Blackwell Server Edition,4,1024,5,5,62.36311523243785,62.43294253945351
2026-10-09T03:53:02.838368+00:00,NVIDIA RTX PRO 6000 Blackwell Server Edition,6,1,5,20,0.12835338711738586,0.13064108788967133
2026-10-09T03:53:02.858965+00:00,NVIDIA RTX PRO 6000 Blackwell Server Edition,6,10,5,20,0.6703228534509739,0.6751631386578083
2026-10-09T03:53:03.029453+00:00,NVIDIA RTX PRO 6000 Blackwell Server Edition,6,100,5,20,6.553002540022135,6.5969861112535
2026-10-09T03:53:03.724188+00:00,NVIDIA RTX PRO 6000 Blackwell Server Edition,6,1024,5,5,68.9657414952914,69.02055069804192
