gpu,seq_len,head_dim,dtype,implementation,warmup_ms,rep_ms,forward_ms,backward_ms,e2e_ms,status,error
NVIDIA H800 PCIe,128,16,bf16,triton_fwd_compiled_bwd,25,100,0.007000089900337913,0.19538262697181316,0.3175428968308301,ok,
NVIDIA H800 PCIe,128,16,bf16,pytorch_dense,25,100,0.019793887522930244,0.13129551652425006,0.26153438838480186,ok,
NVIDIA H800 PCIe,128,16,fp32,triton_fwd_compiled_bwd,25,100,0.010390187429622754,0.18499538217618214,0.24545251638177903,ok,
NVIDIA H800 PCIe,128,16,fp32,pytorch_dense,25,100,0.024564663431158772,0.10798618167337745,0.2322723018110923,ok,
NVIDIA H800 PCIe,128,32,bf16,triton_fwd_compiled_bwd,25,100,0.006990840601556351,0.22075294120972896,0.34176637011545674,ok,
NVIDIA H800 PCIe,128,32,bf16,pytorch_dense,25,100,0.019927986073105232,0.12069560417739472,0.26325878451267876,ok,
NVIDIA H800 PCIe,128,32,fp32,triton_fwd_compiled_bwd,25,100,0.012668535048082756,0.1817072594607318,0.2973418297656512,ok,
NVIDIA H800 PCIe,128,32,fp32,pytorch_dense,25,100,0.025283354839249966,0.11276116021186038,0.26717829829888323,ok,
NVIDIA H800 PCIe,128,64,bf16,triton_fwd_compiled_bwd,25,100,0.008192055269959985,0.22700392048197438,0.3244133209073266,ok,
NVIDIA H800 PCIe,128,64,bf16,pytorch_dense,25,100,0.019848413194102674,0.10448710180760674,0.2492221404155682,ok,
NVIDIA H800 PCIe,128,64,fp32,triton_fwd_compiled_bwd,25,100,0.02094666153035816,0.1792268532139438,0.28827764359747227,ok,
NVIDIA H800 PCIe,128,64,fp32,pytorch_dense,25,100,0.026157894775295926,0.10495348737093073,0.23259806062913302,ok,
NVIDIA H800 PCIe,128,128,bf16,triton_fwd_compiled_bwd,25,100,0.009098536026868028,0.2205481524685867,0.3155351197774257,ok,
NVIDIA H800 PCIe,128,128,bf16,pytorch_dense,25,100,0.02019194621874505,0.10375390279933315,0.23463274940346066,ok,
NVIDIA H800 PCIe,128,128,fp32,triton_fwd_compiled_bwd,25,100,0.04506399994349386,0.174236177330131,0.269281316441273,ok,
NVIDIA H800 PCIe,128,128,fp32,pytorch_dense,25,100,0.028530147639196993,0.10444320004433394,0.24799474667924554,ok,
NVIDIA H800 PCIe,256,16,bf16,triton_fwd_compiled_bwd,25,100,0.008819273897375997,0.23045401412544522,0.3225517365294443,ok,
NVIDIA H800 PCIe,256,16,bf16,pytorch_dense,25,100,0.020407690294086935,0.1056135319807428,0.23498778924682087,ok,
NVIDIA H800 PCIe,256,16,fp32,triton_fwd_compiled_bwd,25,100,0.01484878181624527,0.19724863986174265,0.2890198441036852,ok,
NVIDIA H800 PCIe,256,16,fp32,pytorch_dense,25,100,0.02860426930909478,0.10981546049593481,0.23960858692763856,ok,
NVIDIA H800 PCIe,256,32,bf16,triton_fwd_compiled_bwd,25,100,0.009127474072547211,0.23808148528453166,0.33411911086759705,ok,
NVIDIA H800 PCIe,256,32,bf16,pytorch_dense,25,100,0.02048437519144083,0.10607084562129612,0.23740848291595026,ok,
NVIDIA H800 PCIe,256,32,fp32,triton_fwd_compiled_bwd,25,100,0.020576731143077353,0.19414347985653374,0.28974661988944844,ok,
NVIDIA H800 PCIe,256,32,fp32,pytorch_dense,25,100,0.026616363674281288,0.11727617031082194,0.24780799986587632,ok,
NVIDIA H800 PCIe,256,64,bf16,triton_fwd_compiled_bwd,25,100,0.00982039058361491,0.23767640007038912,0.3618543155170514,ok,
NVIDIA H800 PCIe,256,64,bf16,pytorch_dense,25,100,0.020365873416532065,0.10654765369463468,0.236264182979824,ok,
NVIDIA H800 PCIe,256,64,fp32,triton_fwd_compiled_bwd,25,100,0.0347861637605629,0.25627992908775277,0.3209200372344338,ok,
NVIDIA H800 PCIe,256,64,fp32,pytorch_dense,25,100,0.02770944204649373,0.13583738870526615,0.26243947115853605,ok,
NVIDIA H800 PCIe,256,128,bf16,triton_fwd_compiled_bwd,25,100,0.011370108119916875,0.25205600015440227,0.35778268416162945,ok,
NVIDIA H800 PCIe,256,128,bf16,pytorch_dense,25,100,0.02072632907524328,0.11905027684748329,0.2598386715605574,ok,
NVIDIA H800 PCIe,256,128,fp32,triton_fwd_compiled_bwd,25,100,0.08304756131192095,0.19686605144514996,0.3140842942964463,ok,
NVIDIA H800 PCIe,256,128,fp32,pytorch_dense,25,100,0.029931951864027834,0.1274835368716403,0.27937310826347533,ok,
NVIDIA H800 PCIe,512,16,bf16,triton_fwd_compiled_bwd,25,100,0.011774501707217964,0.23952644947887392,0.3418912151783847,ok,
NVIDIA H800 PCIe,512,16,bf16,pytorch_dense,25,100,0.0242086378486202,0.10957138723898731,0.3174444477300386,ok,
NVIDIA H800 PCIe,512,16,fp32,triton_fwd_compiled_bwd,25,100,0.023086840600666146,0.2500015015248209,0.32482371426054407,ok,
NVIDIA H800 PCIe,512,16,fp32,pytorch_dense,25,100,0.029345726851895324,0.12273167823066657,0.26240790585676826,ok,
NVIDIA H800 PCIe,512,32,bf16,triton_fwd_compiled_bwd,25,100,0.011661023278395797,0.24374721352026552,0.3604394268761411,ok,
NVIDIA H800 PCIe,512,32,bf16,pytorch_dense,25,100,0.02418324917940646,0.12536258884861234,0.2659577059075814,ok,
NVIDIA H800 PCIe,512,32,fp32,triton_fwd_compiled_bwd,25,100,0.034421354968261424,0.21554809183109808,0.3993356780211131,ok,
NVIDIA H800 PCIe,512,32,fp32,pytorch_dense,25,100,0.029926742470658144,0.11904051069645806,0.25962517791709233,ok,
NVIDIA H800 PCIe,512,64,bf16,triton_fwd_compiled_bwd,25,100,0.013590623475484283,0.24175701681840217,0.36954584674766433,ok,
NVIDIA H800 PCIe,512,64,bf16,pytorch_dense,25,100,0.024004578859946592,0.12958574144488172,0.27299586332069253,ok,
NVIDIA H800 PCIe,512,64,fp32,triton_fwd_compiled_bwd,25,100,0.06418278463640992,0.20395374596118926,0.32509013334910075,ok,
NVIDIA H800 PCIe,512,64,fp32,pytorch_dense,25,100,0.032320644290830265,0.12219870969733243,0.25692774223754683,ok,
NVIDIA H800 PCIe,512,128,bf16,triton_fwd_compiled_bwd,25,100,0.016732715057060782,0.24446486990322128,0.3808064663952047,ok,
NVIDIA H800 PCIe,512,128,bf16,pytorch_dense,25,100,0.024509989790909358,0.14457758635543178,0.273039624618832,ok,
NVIDIA H800 PCIe,512,128,fp32,triton_fwd_compiled_bwd,25,100,0.16044043413937664,0.2283579777302909,0.31092306051386115,ok,
NVIDIA H800 PCIe,512,128,fp32,pytorch_dense,25,100,0.036372838580270406,0.13763584995413208,0.282757854922031,ok,
NVIDIA H800 PCIe,1024,16,bf16,triton_fwd_compiled_bwd,25,100,0.01783746775077737,0.4247529800651836,0.574731021527423,ok,
NVIDIA H800 PCIe,1024,16,bf16,pytorch_dense,25,100,0.032812250428208296,0.11660758646575671,0.2610266672616655,ok,
NVIDIA H800 PCIe,1024,16,fp32,triton_fwd_compiled_bwd,25,100,0.04136843422730995,0.3544129769007365,0.44684704210229975,ok,
NVIDIA H800 PCIe,1024,16,fp32,pytorch_dense,25,100,0.04353414493464473,0.12913133512563213,0.28259045035848696,ok,
NVIDIA H800 PCIe,1024,32,bf16,triton_fwd_compiled_bwd,25,100,0.020933037610434677,0.46989604794174616,0.5707365223784852,ok,
NVIDIA H800 PCIe,1024,32,bf16,pytorch_dense,25,100,0.03247154408515735,0.10708147544752468,0.2814721203211582,ok,
NVIDIA H800 PCIe,1024,32,fp32,triton_fwd_compiled_bwd,25,100,0.06481061735275116,0.3911326535386977,0.4938969840431771,ok,
NVIDIA H800 PCIe,1024,32,fp32,pytorch_dense,25,100,0.04542306908829646,0.13503239718180723,0.26423017322782455,ok,
NVIDIA H800 PCIe,1024,64,bf16,triton_fwd_compiled_bwd,25,100,0.020535042181506123,0.4617682969496574,0.5694565444576497,ok,
NVIDIA H800 PCIe,1024,64,bf16,pytorch_dense,25,100,0.0320926600509019,0.12226058329300334,0.26888992198446926,ok,
NVIDIA H800 PCIe,1024,64,fp32,triton_fwd_compiled_bwd,25,100,0.12668000006776178,0.38223504937814745,0.48489885670798166,ok,
NVIDIA H800 PCIe,1024,64,fp32,pytorch_dense,25,100,0.04835933458590243,0.12320673233502871,0.28844686211804627,ok,
NVIDIA H800 PCIe,1024,128,bf16,triton_fwd_compiled_bwd,25,100,0.028328592740689162,0.45116010366322157,0.5174586840924,ok,
NVIDIA H800 PCIe,1024,128,bf16,pytorch_dense,25,100,0.03315115046514346,0.12019380992206632,0.2700819845578467,ok,
NVIDIA H800 PCIe,1024,128,fp32,triton_fwd_compiled_bwd,25,100,0.3194574265196772,0.39921509017321194,0.493586114180163,ok,
NVIDIA H800 PCIe,1024,128,fp32,pytorch_dense,25,100,0.05978932805461827,0.11862137578624897,0.28706755577808335,ok,
NVIDIA H800 PCIe,2048,16,bf16,triton_fwd_compiled_bwd,25,100,0.028963328509108863,0.6817880357261252,0.7791662210667575,ok,
NVIDIA H800 PCIe,2048,16,bf16,pytorch_dense,25,100,0.05519876443568804,0.10871551329733203,0.2427369845028107,ok,
NVIDIA H800 PCIe,2048,16,fp32,triton_fwd_compiled_bwd,25,100,0.07783284704394054,0.59526983849586,0.6880874648690224,ok,
NVIDIA H800 PCIe,2048,16,fp32,pytorch_dense,25,100,0.08525013809148346,0.16820658078069717,0.27754666594898,ok,
NVIDIA H800 PCIe,2048,32,bf16,triton_fwd_compiled_bwd,25,100,0.03113688916588823,0.6973328574427536,0.7896750658472008,ok,
NVIDIA H800 PCIe,2048,32,bf16,pytorch_dense,25,100,0.05469251918883724,0.10920814321855145,0.24274695429664392,ok,
NVIDIA H800 PCIe,2048,32,fp32,triton_fwd_compiled_bwd,25,100,0.12254872757264158,0.6026997761726379,0.6992029334108035,ok,
NVIDIA H800 PCIe,2048,32,fp32,pytorch_dense,25,100,0.0897302494095026,0.17120792664336867,0.2538259193301201,ok,
NVIDIA H800 PCIe,2048,64,bf16,triton_fwd_compiled_bwd,25,100,0.03814037214812293,0.6945571425770011,0.7837296440222553,ok,
NVIDIA H800 PCIe,2048,64,bf16,pytorch_dense,25,100,0.054447520933227384,0.1117010524986606,0.24354338479729798,ok,
NVIDIA H800 PCIe,2048,64,fp32,triton_fwd_compiled_bwd,25,100,0.23388252155094294,0.6050936341285705,0.6991316981676245,ok,
NVIDIA H800 PCIe,2048,64,fp32,pytorch_dense,25,100,0.1033144497343798,0.19699200007476306,0.29603820628133315,ok,
NVIDIA H800 PCIe,2048,128,bf16,triton_fwd_compiled_bwd,25,100,0.04961170104868484,0.6913305739206927,0.8212635577271837,ok,
NVIDIA H800 PCIe,2048,128,bf16,pytorch_dense,25,100,0.05561465600132942,0.12706005425073147,0.2438876279449278,ok,
NVIDIA H800 PCIe,2048,128,fp32,triton_fwd_compiled_bwd,25,100,0.6370118123198313,0.6121625997186676,1.0985335317658789,ok,
NVIDIA H800 PCIe,2048,128,fp32,pytorch_dense,25,100,0.14326750579174985,0.26851084349624604,0.4090335133913401,ok,
NVIDIA H800 PCIe,4096,16,bf16,triton_fwd_compiled_bwd,25,100,0.06704161166072749,1.173125781946712,1.2649847907079776,ok,
NVIDIA H800 PCIe,4096,16,bf16,pytorch_dense,25,100,0.1933997653012167,0.32477381866086613,0.4950603984296322,ok,
NVIDIA H800 PCIe,4096,16,fp32,triton_fwd_compiled_bwd,25,100,0.24726680479201663,1.0614197465437878,1.2533561055724685,ok,
NVIDIA H800 PCIe,4096,16,fp32,pytorch_dense,25,100,0.3562218023865831,0.7075157907971165,1.0457972722895006,ok,
NVIDIA H800 PCIe,4096,32,bf16,triton_fwd_compiled_bwd,25,100,0.07702790594226877,1.2827822234895494,1.361160567109014,ok,
NVIDIA H800 PCIe,4096,32,bf16,pytorch_dense,25,100,0.19297396767799552,0.3229219735442818,0.4902588821345975,ok,
NVIDIA H800 PCIe,4096,32,fp32,triton_fwd_compiled_bwd,25,100,0.398156376339454,1.0614020064473153,1.3966237508333645,ok,
NVIDIA H800 PCIe,4096,32,fp32,pytorch_dense,25,100,0.3775542855870967,0.7260517121425697,1.0845170718867605,ok,
NVIDIA H800 PCIe,4096,64,bf16,triton_fwd_compiled_bwd,25,100,0.08224951749802753,1.2373791530098714,1.3139294105417587,ok,
NVIDIA H800 PCIe,4096,64,bf16,pytorch_dense,25,100,0.19173663124246032,0.32380988169040076,0.4906180732780033,ok,
NVIDIA H800 PCIe,4096,64,fp32,triton_fwd_compiled_bwd,25,100,0.7407002513473099,1.1709301665022567,1.9005172203998177,ok,
NVIDIA H800 PCIe,4096,64,fp32,pytorch_dense,25,100,0.4221300559336913,0.7972050292151315,1.2115943786260244,ok,
NVIDIA H800 PCIe,4096,128,bf16,triton_fwd_compiled_bwd,25,100,0.12489885255735897,1.5492053387457865,1.6736076981933028,ok,
NVIDIA H800 PCIe,4096,128,bf16,pytorch_dense,25,100,0.19854581341147423,0.33647476651958214,0.5114358942478131,ok,
NVIDIA H800 PCIe,4096,128,fp32,triton_fwd_compiled_bwd,25,100,2.097072736783461,1.4785034755865734,3.5950215321320753,ok,
NVIDIA H800 PCIe,4096,128,fp32,pytorch_dense,25,100,0.5521213811019371,1.0300284301533418,1.5758289715339397,ok,
NVIDIA H800 PCIe,8192,16,bf16,triton_fwd_compiled_bwd,25,100,0.15255126379933093,4.0758441842120625,4.222114909778941,ok,
NVIDIA H800 PCIe,8192,16,bf16,pytorch_dense,25,100,0.8952778583949375,1.26418787751879,2.1395680091597815,ok,
NVIDIA H800 PCIe,8192,16,fp32,triton_fwd_compiled_bwd,25,100,0.6193733968475993,3.9681836211163066,4.570898237682524,ok,
NVIDIA H800 PCIe,8192,16,fp32,pytorch_dense,25,100,1.5358698246842724,2.653897135598319,4.179510261701501,ok,
NVIDIA H800 PCIe,8192,32,bf16,triton_fwd_compiled_bwd,25,100,0.17861456996360361,4.27547194740989,4.446145511808849,ok,
NVIDIA H800 PCIe,8192,32,bf16,pytorch_dense,25,100,0.8971708066684684,1.2690747431346348,2.149192915406338,ok,
NVIDIA H800 PCIe,8192,32,fp32,triton_fwd_compiled_bwd,25,100,0.9968312629337969,4.157682939009233,5.140766196780735,ok,
NVIDIA H800 PCIe,8192,32,fp32,pytorch_dense,25,100,1.4909466250998076,2.583843582206302,4.0657989253168525,ok,
NVIDIA H800 PCIe,8192,64,bf16,triton_fwd_compiled_bwd,25,100,0.18893485698772935,4.792462396621704,4.978282100275943,ok,
NVIDIA H800 PCIe,8192,64,bf16,pytorch_dense,25,100,0.8924133630142999,1.2557997805731638,2.130738919431513,ok,
NVIDIA H800 PCIe,8192,64,fp32,triton_fwd_compiled_bwd,25,100,1.4114549860121712,4.677099180221558,6.080502816608974,ok,
NVIDIA H800 PCIe,8192,64,fp32,pytorch_dense,25,100,1.6690257397564974,2.9254890009760857,4.594915049416678,ok,
NVIDIA H800 PCIe,8192,128,bf16,triton_fwd_compiled_bwd,25,100,0.47822825365428684,6.165073045094808,6.655940566744123,ok,
NVIDIA H800 PCIe,8192,128,bf16,pytorch_dense,25,100,0.9009396638721228,1.264090439547663,2.145677383555922,ok,
NVIDIA H800 PCIe,8192,128,fp32,triton_fwd_compiled_bwd,25,100,8.144015868504843,6.064695984125137,14.109412602015905,ok,
NVIDIA H800 PCIe,8192,128,fp32,pytorch_dense,25,100,2.261516478003525,3.9405146837234497,6.203927516937256,ok,
NVIDIA H800 PCIe,16384,16,bf16,triton_fwd_compiled_bwd,25,100,0.4019700329936012,15.391770680745443,15.799013455708822,ok,
NVIDIA H800 PCIe,16384,16,bf16,pytorch_dense,25,100,2.786902567919563,4.791041660308838,7.562701304753621,ok,
NVIDIA H800 PCIe,16384,16,fp32,triton_fwd_compiled_bwd,25,100,1.4825070099752458,15.195407708485922,16.66675224304199,ok,
NVIDIA H800 PCIe,16384,16,fp32,pytorch_dense,25,100,5.179724454879761,10.23490842183431,15.417301177978516,ok,
NVIDIA H800 PCIe,16384,32,bf16,triton_fwd_compiled_bwd,25,100,0.4197427345871252,16.102842648824055,16.5239413579305,ok,
NVIDIA H800 PCIe,16384,32,bf16,pytorch_dense,25,100,2.796343543950249,4.8205040216445925,7.597050666809082,ok,
NVIDIA H800 PCIe,16384,32,fp32,triton_fwd_compiled_bwd,25,100,2.3984837042979703,15.901386896769205,18.330003356933595,ok,
NVIDIA H800 PCIe,16384,32,fp32,pytorch_dense,25,100,5.4346653994391945,10.517962773640951,15.948815981547037,ok,
NVIDIA H800 PCIe,16384,64,bf16,triton_fwd_compiled_bwd,25,100,0.4801229992881417,17.87309455871582,18.351391983032226,ok,
NVIDIA H800 PCIe,16384,64,bf16,pytorch_dense,25,100,2.7841298510046566,4.800745630264283,7.570318735562838,ok,
NVIDIA H800 PCIe,16384,64,fp32,triton_fwd_compiled_bwd,25,100,4.634051203727722,17.597343826293944,22.25557565689087,ok,
NVIDIA H800 PCIe,16384,64,fp32,pytorch_dense,25,100,6.961165700639997,12.760809217180524,19.774143981933594,ok,
NVIDIA H800 PCIe,16384,128,bf16,triton_fwd_compiled_bwd,25,100,1.4307936524587965,22.44223976135254,23.862775802612305,ok,
NVIDIA H800 PCIe,16384,128,bf16,pytorch_dense,25,100,2.810035380450162,4.8490783929824826,7.647093296051025,ok,
NVIDIA H800 PCIe,16384,128,fp32,triton_fwd_compiled_bwd,25,100,24.544135570526123,22.082175731658936,46.19772911071777,ok,
NVIDIA H800 PCIe,16384,128,fp32,pytorch_dense,25,100,8.336363445628773,15.646714528401693,23.81170415878296,ok,
NVIDIA H800 PCIe,32768,16,bf16,triton_fwd_compiled_bwd,25,100,1.1727278931935627,57.594913482666016,58.78630447387695,ok,
NVIDIA H800 PCIe,32768,16,bf16,pytorch_dense,25,100,11.064743876457214,20.118743896484375,31.141632080078125,ok,
NVIDIA H800 PCIe,32768,16,fp32,triton_fwd_compiled_bwd,25,100,5.315304888619317,57.17580795288086,62.41971206665039,ok,
NVIDIA H800 PCIe,32768,16,fp32,pytorch_dense,25,100,22.99828815460205,41.0008487701416,64.0195541381836,ok,
NVIDIA H800 PCIe,32768,32,bf16,triton_fwd_compiled_bwd,25,100,1.376803442148062,60.222782135009766,61.58777618408203,ok,
NVIDIA H800 PCIe,32768,32,bf16,pytorch_dense,25,100,11.109572172164917,20.159647941589355,31.189503351847332,ok,
NVIDIA H800 PCIe,32768,32,fp32,triton_fwd_compiled_bwd,25,100,8.59676508470015,59.70608139038086,68.22259521484375,ok,
NVIDIA H800 PCIe,32768,32,fp32,pytorch_dense,25,100,24.1223201751709,41.992897033691406,66.05939483642578,ok,
NVIDIA H800 PCIe,32768,64,bf16,triton_fwd_compiled_bwd,25,100,1.4189470514418587,67.9191665649414,69.30188751220703,ok,
NVIDIA H800 PCIe,32768,64,bf16,pytorch_dense,25,100,11.145931959152222,20.188056468963623,31.32276217142741,ok,
NVIDIA H800 PCIe,32768,64,fp32,triton_fwd_compiled_bwd,25,100,16.339141209920246,67.54841613769531,83.84483337402344,ok,
NVIDIA H800 PCIe,32768,64,fp32,pytorch_dense,25,100,32.59771728515625,53.576576232910156,86.10108947753906,ok,
NVIDIA H800 PCIe,32768,128,bf16,triton_fwd_compiled_bwd,25,100,4.659207963943482,85.88963317871094,90.60447692871094,ok,
NVIDIA H800 PCIe,32768,128,bf16,pytorch_dense,25,100,11.074895858764648,20.177823543548584,31.23421796162923,ok,
NVIDIA H800 PCIe,32768,128,fp32,triton_fwd_compiled_bwd,25,100,82.48966217041016,85.0421142578125,166.59532165527344,ok,
NVIDIA H800 PCIe,32768,128,fp32,pytorch_dense,25,100,37.34697723388672,64.74691009521484,102.34492492675781,ok,
NVIDIA H800 PCIe,65536,16,bf16,triton_fwd_compiled_bwd,25,100,4.122447283371635,220.4267578125,224.56509399414062,ok,
NVIDIA H800 PCIe,65536,16,bf16,pytorch_dense,25,100,44.539215087890625,80.26348876953125,125.06451416015625,ok,
NVIDIA H800 PCIe,65536,16,fp32,triton_fwd_compiled_bwd,25,100,20.109647750854492,219.5187225341797,239.4342041015625,ok,
NVIDIA H800 PCIe,65536,16,fp32,pytorch_dense,25,100,98.85865783691406,,,partial,"backward:OutOfMemoryError:CUDA out of memory. Tried to allocate 16.00 GiB. GPU 0 has a total capacity of 79.18 GiB of which 10.27 GiB is free. Including non-PyTorch memory, this process has 68.90 GiB memory in use. Of the allocated memory 52.34 GiB is allocated by PyTorch, and 15.92 GiB is reserved by PyTorch but unallocated. If reserved but unallocated memory is large try setting PYTORCH_CUDA_ALLOC_CONF=expandable_segments:True to avoid fragmentation.  See documentation for Memory Management  (https://docs.pytorch.org/docs/stable/notes/cuda.html#optimizing-memory-usage-with-pytorch-cuda-alloc-conf) | e2e:OutOfMemoryError:CUDA out of memory. Tried to allocate 16.00 GiB. GPU 0 has a total capacity of 79.18 GiB of which 10.27 GiB is free. Including non-PyTorch memory, this process has 68.90 GiB memory in use. Of the allocated memory 68.09 GiB is allocated by PyTorch, and 165.50 MiB is reserved by PyTorch but unallocated. If reserved but unallocated memory is large try setting PYTORCH_CUDA_ALLOC_CONF=expandable_segments:True to avoid fragmentation.  See documentation for Memory Management  (https://docs.pytorch.org/docs/stable/notes/cuda.html#optimizing-memory-usage-with-pytorch-cuda-alloc-conf)"
NVIDIA H800 PCIe,65536,32,bf16,triton_fwd_compiled_bwd,25,100,5.069498940518028,229.89654541015625,235.34271240234375,ok,
NVIDIA H800 PCIe,65536,32,bf16,pytorch_dense,25,100,44.83323097229004,80.40310668945312,125.21609497070312,ok,
NVIDIA H800 PCIe,65536,32,fp32,triton_fwd_compiled_bwd,25,100,32.56997299194336,228.9916534423828,261.18975830078125,ok,
NVIDIA H800 PCIe,65536,32,fp32,pytorch_dense,25,100,102.80675506591797,,,partial,"backward:OutOfMemoryError:CUDA out of memory. Tried to allocate 16.00 GiB. GPU 0 has a total capacity of 79.18 GiB of which 10.27 GiB is free. Including non-PyTorch memory, this process has 68.90 GiB memory in use. Of the allocated memory 52.36 GiB is allocated by PyTorch, and 15.89 GiB is reserved by PyTorch but unallocated. If reserved but unallocated memory is large try setting PYTORCH_CUDA_ALLOC_CONF=expandable_segments:True to avoid fragmentation.  See documentation for Memory Management  (https://docs.pytorch.org/docs/stable/notes/cuda.html#optimizing-memory-usage-with-pytorch-cuda-alloc-conf) | e2e:OutOfMemoryError:CUDA out of memory. Tried to allocate 16.00 GiB. GPU 0 has a total capacity of 79.18 GiB of which 10.27 GiB is free. Including non-PyTorch memory, this process has 68.90 GiB memory in use. Of the allocated memory 68.12 GiB is allocated by PyTorch, and 137.50 MiB is reserved by PyTorch but unallocated. If reserved but unallocated memory is large try setting PYTORCH_CUDA_ALLOC_CONF=expandable_segments:True to avoid fragmentation.  See documentation for Memory Management  (https://docs.pytorch.org/docs/stable/notes/cuda.html#optimizing-memory-usage-with-pytorch-cuda-alloc-conf)"
NVIDIA H800 PCIe,65536,64,bf16,triton_fwd_compiled_bwd,25,100,5.2766264614306,262.6286315917969,268.1611328125,ok,
NVIDIA H800 PCIe,65536,64,bf16,pytorch_dense,25,100,44.85572814941406,80.62397003173828,125.44400024414062,ok,
NVIDIA H800 PCIe,65536,64,fp32,triton_fwd_compiled_bwd,25,100,61.917633056640625,266.1332092285156,324.2159729003906,ok,
NVIDIA H800 PCIe,65536,64,fp32,pytorch_dense,25,100,127.87372589111328,,,partial,"backward:OutOfMemoryError:CUDA out of memory. Tried to allocate 16.00 GiB. GPU 0 has a total capacity of 79.18 GiB of which 10.27 GiB is free. Including non-PyTorch memory, this process has 68.90 GiB memory in use. Of the allocated memory 52.41 GiB is allocated by PyTorch, and 15.85 GiB is reserved by PyTorch but unallocated. If reserved but unallocated memory is large try setting PYTORCH_CUDA_ALLOC_CONF=expandable_segments:True to avoid fragmentation.  See documentation for Memory Management  (https://docs.pytorch.org/docs/stable/notes/cuda.html#optimizing-memory-usage-with-pytorch-cuda-alloc-conf) | e2e:OutOfMemoryError:CUDA out of memory. Tried to allocate 16.00 GiB. GPU 0 has a total capacity of 79.18 GiB of which 10.27 GiB is free. Including non-PyTorch memory, this process has 68.90 GiB memory in use. Of the allocated memory 68.17 GiB is allocated by PyTorch, and 81.50 MiB is reserved by PyTorch but unallocated. If reserved but unallocated memory is large try setting PYTORCH_CUDA_ALLOC_CONF=expandable_segments:True to avoid fragmentation.  See documentation for Memory Management  (https://docs.pytorch.org/docs/stable/notes/cuda.html#optimizing-memory-usage-with-pytorch-cuda-alloc-conf)"
NVIDIA H800 PCIe,65536,128,bf16,triton_fwd_compiled_bwd,25,100,17.441696548461913,338.5498046875,358.1951904296875,ok,
NVIDIA H800 PCIe,65536,128,bf16,pytorch_dense,25,100,46.037919998168945,81.8655014038086,127.85977935791016,ok,
NVIDIA H800 PCIe,65536,128,fp32,triton_fwd_compiled_bwd,25,100,298.4549255371094,341.029541015625,639.8922119140625,ok,
NVIDIA H800 PCIe,65536,128,fp32,pytorch_dense,25,100,149.04368591308594,,,partial,"backward:OutOfMemoryError:CUDA out of memory. Tried to allocate 16.00 GiB. GPU 0 has a total capacity of 79.18 GiB of which 10.27 GiB is free. Including non-PyTorch memory, this process has 68.90 GiB memory in use. Of the allocated memory 52.50 GiB is allocated by PyTorch, and 15.75 GiB is reserved by PyTorch but unallocated. If reserved but unallocated memory is large try setting PYTORCH_CUDA_ALLOC_CONF=expandable_segments:True to avoid fragmentation.  See documentation for Memory Management  (https://docs.pytorch.org/docs/stable/notes/cuda.html#optimizing-memory-usage-with-pytorch-cuda-alloc-conf) | e2e:OutOfMemoryError:CUDA out of memory. Tried to allocate 16.00 GiB. GPU 0 has a total capacity of 79.18 GiB of which 10.27 GiB is free. Including non-PyTorch memory, this process has 68.90 GiB memory in use. Of the allocated memory 52.28 GiB is allocated by PyTorch, and 15.97 GiB is reserved by PyTorch but unallocated. If reserved but unallocated memory is large try setting PYTORCH_CUDA_ALLOC_CONF=expandable_segments:True to avoid fragmentation.  See documentation for Memory Management  (https://docs.pytorch.org/docs/stable/notes/cuda.html#optimizing-memory-usage-with-pytorch-cuda-alloc-conf)"
