gpu,seq_len,head_dim,dtype,implementation,forward_ms,backward_ms,e2e_ms,status,error
NVIDIA H800 PCIe,128,16,bf16,triton_fa2,0.0066011953488763035,0.050125848374404654,0.1653604789408381,ok,
NVIDIA H800 PCIe,128,16,bf16,pytorch_dense,0.020786285676587555,0.0999115652040295,0.22108398570168403,ok,
NVIDIA H800 PCIe,128,16,fp32,triton_fa2,0.010535231056429986,0.05390956032202176,0.15272410920739535,ok,
NVIDIA H800 PCIe,128,16,fp32,pytorch_dense,0.02548306847743894,0.12491685561650429,0.5648324046331116,ok,
NVIDIA H800 PCIe,128,32,bf16,triton_fa2,0.007084967357751737,0.05149375185181823,0.18303605967813785,ok,
NVIDIA H800 PCIe,128,32,bf16,pytorch_dense,0.021105076917685952,0.12060577926108647,0.2659667060327004,ok,
NVIDIA H800 PCIe,128,32,fp32,triton_fa2,0.013463178059494454,0.0683162965831134,0.18792610836751533,ok,
NVIDIA H800 PCIe,128,32,fp32,pytorch_dense,0.025948392917160636,0.11939199996593687,0.2606866005595646,ok,
NVIDIA H800 PCIe,128,64,bf16,triton_fa2,0.007580872986872198,0.059932800000533464,0.19702608432349575,ok,
NVIDIA H800 PCIe,128,64,bf16,pytorch_dense,0.020904328057113505,0.10217777759664588,0.22788947600720114,ok,
NVIDIA H800 PCIe,128,64,fp32,triton_fa2,0.02109059287684508,0.08234843445675713,0.19895217049085623,ok,
NVIDIA H800 PCIe,128,64,fp32,pytorch_dense,0.02717014028710506,0.10631266853100137,0.23504955199227404,ok,
NVIDIA H800 PCIe,128,128,bf16,triton_fa2,0.009159780880882826,0.12615382189404453,0.20340854163353259,ok,
NVIDIA H800 PCIe,128,128,bf16,pytorch_dense,0.02139229881806467,0.11844128222410916,0.27059354702336197,ok,
NVIDIA H800 PCIe,128,128,fp32,triton_fa2,0.045023867918044025,0.11854157264664446,0.20250925760588542,ok,
NVIDIA H800 PCIe,128,128,fp32,pytorch_dense,0.029521924208794435,0.1175718561387979,0.2678644556283044,ok,
NVIDIA H800 PCIe,256,16,bf16,triton_fa2,0.008330421060427876,0.06667754933049407,0.17352481062975397,ok,
NVIDIA H800 PCIe,256,16,bf16,pytorch_dense,0.021704722559379955,0.10706077805937153,0.23891224226716792,ok,
NVIDIA H800 PCIe,256,16,fp32,triton_fa2,0.014381552933707457,0.05529575317063797,0.2078169170917003,ok,
NVIDIA H800 PCIe,256,16,fp32,pytorch_dense,0.02950679404044269,0.1308223634788936,0.2632076306411853,ok,
NVIDIA H800 PCIe,256,32,bf16,triton_fa2,0.008627231258607745,0.062363475292997676,0.1831093498910452,ok,
NVIDIA H800 PCIe,256,32,bf16,pytorch_dense,0.021714285710346327,0.10734747101863225,0.24039730695214603,ok,
NVIDIA H800 PCIe,256,32,fp32,triton_fa2,0.020253866734473328,0.07072600035968682,0.19244819907298,ok,
NVIDIA H800 PCIe,256,32,fp32,pytorch_dense,0.02795683221591499,0.12629347571475621,0.30752890928118837,ok,
NVIDIA H800 PCIe,256,64,bf16,triton_fa2,0.009350284772472375,0.08366031461301145,0.1698249729752178,ok,
NVIDIA H800 PCIe,256,64,bf16,pytorch_dense,0.02161703628633542,0.10549612569559307,0.235265212077083,ok,
NVIDIA H800 PCIe,256,64,fp32,triton_fa2,0.03517525132452504,0.13053067726819584,0.16643056416740784,ok,
NVIDIA H800 PCIe,256,64,fp32,pytorch_dense,0.029247313544227934,0.11108745413580591,0.24541908660976905,ok,
NVIDIA H800 PCIe,256,128,bf16,triton_fa2,0.011469540495640975,0.19674472730945458,0.20354295710938564,ok,
NVIDIA H800 PCIe,256,128,bf16,pytorch_dense,0.021970938762512462,0.10712948445345938,0.23999696964341583,ok,
NVIDIA H800 PCIe,256,128,fp32,triton_fa2,0.08298174363055151,0.22504281574487686,0.29956871470702545,ok,
NVIDIA H800 PCIe,256,128,fp32,pytorch_dense,0.031550666699185964,0.11095695038065898,0.2437715900577898,ok,
NVIDIA H800 PCIe,512,16,bf16,triton_fa2,0.011934134822494889,0.05750312225108135,0.17551979224209663,ok,
NVIDIA H800 PCIe,512,16,bf16,pytorch_dense,0.025169719814501872,0.10854249591537929,0.2687112057709512,ok,
NVIDIA H800 PCIe,512,16,fp32,triton_fa2,0.02400262851068484,0.07724080422016048,0.1903915580796318,ok,
NVIDIA H800 PCIe,512,16,fp32,pytorch_dense,0.03125299157458554,0.11021566660039955,0.2427965757447922,ok,
NVIDIA H800 PCIe,512,32,bf16,triton_fa2,0.012491717602757886,0.05769331289725449,0.18035209659172827,ok,
NVIDIA H800 PCIe,512,32,bf16,pytorch_dense,0.025429558456427866,0.10727570535320985,0.24374622359699263,ok,
NVIDIA H800 PCIe,512,32,fp32,triton_fa2,0.03492712939601902,0.11917500950041271,0.20174078011291316,ok,
NVIDIA H800 PCIe,512,32,fp32,pytorch_dense,0.03201075589103643,0.111048598327465,0.24234729415061426,ok,
NVIDIA H800 PCIe,512,64,bf16,triton_fa2,0.013147003351528186,0.12196535045269188,0.190743673651196,ok,
NVIDIA H800 PCIe,512,64,bf16,pytorch_dense,0.025200362480019483,0.10900614724347465,0.23788655051645244,ok,
NVIDIA H800 PCIe,512,64,fp32,triton_fa2,0.0641015983522582,0.2517558738791565,0.3141649850579195,ok,
NVIDIA H800 PCIe,512,64,fp32,pytorch_dense,0.03317152266429753,0.11047743318632325,0.246240892139564,ok,
NVIDIA H800 PCIe,512,128,bf16,triton_fa2,0.01704518615492973,0.37072055247323266,0.38790658068272377,ok,
NVIDIA H800 PCIe,512,128,bf16,pytorch_dense,0.025644799993084423,0.11046800008043647,0.26394007772092193,ok,
NVIDIA H800 PCIe,512,128,fp32,triton_fa2,0.16358712954852106,0.43513185172169294,0.5941892179889955,ok,
NVIDIA H800 PCIe,512,128,fp32,pytorch_dense,0.037361213841058054,0.11232734556091178,0.24749488499297564,ok,
NVIDIA H800 PCIe,1024,16,bf16,triton_fa2,0.020403667180743604,0.07988516664287697,0.17694503968529657,ok,
NVIDIA H800 PCIe,1024,16,bf16,pytorch_dense,0.0336475721402708,0.10815991681891603,0.24052291166508336,ok,
NVIDIA H800 PCIe,1024,16,fp32,triton_fa2,0.04216159721235006,0.147294252704028,0.19543085662888832,ok,
NVIDIA H800 PCIe,1024,16,fp32,pytorch_dense,0.04391547831693205,0.11343134637449828,0.26779068305211906,ok,
NVIDIA H800 PCIe,1024,32,bf16,triton_fa2,0.01891678922372509,0.10829417903502324,0.18391450487733974,ok,
NVIDIA H800 PCIe,1024,32,bf16,pytorch_dense,0.033336677863183665,0.10814100535795651,0.23991792387407246,ok,
NVIDIA H800 PCIe,1024,32,fp32,triton_fa2,0.064149034578867,0.22713016933303767,0.2922260776742712,ok,
NVIDIA H800 PCIe,1024,32,fp32,pytorch_dense,0.0456932122716021,0.11140765044125703,0.2470021586096476,ok,
NVIDIA H800 PCIe,1024,64,bf16,triton_fa2,0.0212212503503281,0.23611380878997887,0.2566017057807719,ok,
NVIDIA H800 PCIe,1024,64,bf16,pytorch_dense,0.0329602147333774,0.1123900106028905,0.24338854009350294,ok,
NVIDIA H800 PCIe,1024,64,fp32,triton_fa2,0.12675235657057723,0.5011319154295428,0.6149856264429882,ok,
NVIDIA H800 PCIe,1024,64,fp32,pytorch_dense,0.048991173375191724,0.11092925009628136,0.2482289137450729,ok,
NVIDIA H800 PCIe,1024,128,bf16,triton_fa2,0.027702840595114707,0.7346684430484418,0.7703438563780352,ok,
NVIDIA H800 PCIe,1024,128,bf16,pytorch_dense,0.03366685202494662,0.10932124819597015,0.24249217006230447,ok,
NVIDIA H800 PCIe,1024,128,fp32,triton_fa2,0.32053201938692427,0.8995022217432658,1.2284230206110707,ok,
NVIDIA H800 PCIe,1024,128,fp32,pytorch_dense,0.06047059580889444,0.1763141019671571,0.2677320005792764,ok,
NVIDIA H800 PCIe,2048,16,bf16,triton_fa2,0.029256159109593945,0.14801689770945622,0.19471485868829197,ok,
NVIDIA H800 PCIe,2048,16,bf16,pytorch_dense,0.05563485013841376,0.12178003097122365,0.25141247524612254,ok,
NVIDIA H800 PCIe,2048,16,fp32,triton_fa2,0.07773928963970915,0.2859428775644748,0.3654374272080522,ok,
NVIDIA H800 PCIe,2048,16,fp32,pytorch_dense,0.08604685709412609,0.17561158589248,0.2676444281823933,ok,
NVIDIA H800 PCIe,2048,32,bf16,triton_fa2,0.030965549895381795,0.20310569656166164,0.22678521655131656,ok,
NVIDIA H800 PCIe,2048,32,bf16,pytorch_dense,0.05523628297744472,0.12682641852040624,0.26792768954999685,ok,
NVIDIA H800 PCIe,2048,32,fp32,triton_fa2,0.12334723566295037,0.4485565563545951,0.5684978991121679,ok,
NVIDIA H800 PCIe,2048,32,fp32,pytorch_dense,0.09095435073611947,0.17490214558820877,0.2667914540413393,ok,
NVIDIA H800 PCIe,2048,64,bf16,triton_fa2,0.036232629274663405,0.4954625816209942,0.5258110274334211,ok,
NVIDIA H800 PCIe,2048,64,bf16,pytorch_dense,0.055145712076516,0.12495828403943984,0.26292737983455955,ok,
NVIDIA H800 PCIe,2048,64,fp32,triton_fa2,0.2346223939109493,1.0021306709164666,1.2329011849454932,ok,
NVIDIA H800 PCIe,2048,64,fp32,pytorch_dense,0.10484382616365014,0.1992361461403362,0.2984764061310218,ok,
NVIDIA H800 PCIe,2048,128,bf16,triton_fa2,0.049920648993814695,1.5391309428633304,1.5716626462289842,ok,
NVIDIA H800 PCIe,2048,128,bf16,pytorch_dense,0.05652490325061785,0.1211465643693323,0.2599975201048592,ok,
NVIDIA H800 PCIe,2048,128,fp32,triton_fa2,0.6398284802436829,1.8249737121620957,2.4787372320126266,ok,
NVIDIA H800 PCIe,2048,128,fp32,pytorch_dense,0.14362382009792862,0.2716068393520771,0.41182269001267646,ok,
NVIDIA H800 PCIe,4096,16,bf16,triton_fa2,0.06722377346167117,0.3309823328939577,0.40012748096440287,ok,
NVIDIA H800 PCIe,4096,16,bf16,pytorch_dense,0.19494399990214675,0.3266543922903331,0.49650999903678894,ok,
NVIDIA H800 PCIe,4096,16,fp32,triton_fa2,0.2475773970640841,0.6930531438972268,0.9222589979569117,ok,
NVIDIA H800 PCIe,4096,16,fp32,pytorch_dense,0.3573123146160483,0.7086995440980662,1.048433902717772,ok,
NVIDIA H800 PCIe,4096,32,bf16,triton_fa2,0.07652770639012713,0.4481735704820367,0.5269147369422411,ok,
NVIDIA H800 PCIe,4096,32,bf16,pytorch_dense,0.1927953092593712,0.32430299123128253,0.49128804925065606,ok,
NVIDIA H800 PCIe,4096,32,fp32,triton_fa2,0.3984008841422381,1.0883153629930395,1.5118012966648224,ok,
NVIDIA H800 PCIe,4096,32,fp32,pytorch_dense,0.3768731408885547,0.7276330908591097,1.086804294004673,ok,
NVIDIA H800 PCIe,4096,64,bf16,triton_fa2,0.08185443358543591,1.118914157957644,1.20929403011113,ok,
NVIDIA H800 PCIe,4096,64,bf16,pytorch_dense,0.19138324435448414,0.32313702286106266,0.4910491416172952,ok,
NVIDIA H800 PCIe,4096,64,fp32,triton_fa2,0.7426680028438568,2.359398754019486,3.1565845330556233,ok,
NVIDIA H800 PCIe,4096,64,fp32,pytorch_dense,0.42111502206987805,0.7958489701012584,1.2037288643218376,ok,
NVIDIA H800 PCIe,4096,128,bf16,triton_fa2,0.12417108754456883,3.249212546007974,3.463506289890834,ok,
NVIDIA H800 PCIe,4096,128,bf16,pytorch_dense,0.19608852688811326,0.33601277045240985,0.5112203065401468,ok,
NVIDIA H800 PCIe,4096,128,fp32,triton_fa2,2.111800741065632,4.957311981602719,7.1654941118680515,ok,
NVIDIA H800 PCIe,4096,128,fp32,pytorch_dense,0.5514860396482506,1.0306628616083235,1.5765804114012882,ok,
NVIDIA H800 PCIe,8192,16,bf16,triton_fa2,0.1545167802492293,0.7302441061089892,0.8707388818264008,ok,
NVIDIA H800 PCIe,8192,16,bf16,pytorch_dense,0.8968379356197476,1.2642738713937647,2.146195328512857,ok,
NVIDIA H800 PCIe,8192,16,fp32,triton_fa2,0.6193686811498893,1.634006522319935,2.2448565627253334,ok,
NVIDIA H800 PCIe,8192,16,fp32,pytorch_dense,1.536008133726605,2.659592206137521,4.189285568569018,ok,
NVIDIA H800 PCIe,8192,32,bf16,triton_fa2,0.17814728499248328,0.9764194261460077,1.177215996541475,ok,
NVIDIA H800 PCIe,8192,32,bf16,pytorch_dense,0.8988638335896522,1.2695749600728352,2.1524115218672644,ok,
NVIDIA H800 PCIe,8192,32,fp32,triton_fa2,0.9959054692038174,2.257168799638748,3.3098368008931476,ok,
NVIDIA H800 PCIe,8192,32,fp32,pytorch_dense,1.487470691321326,2.586228436893887,4.066561387932819,ok,
NVIDIA H800 PCIe,8192,64,bf16,triton_fa2,0.18637740466038924,2.4357785985276506,2.6472978183201383,ok,
NVIDIA H800 PCIe,8192,64,bf16,pytorch_dense,0.894224826208095,1.25550628389631,2.1330763589252126,ok,
NVIDIA H800 PCIe,8192,64,fp32,triton_fa2,1.410620441512456,4.961249627565083,6.396435228983561,ok,
NVIDIA H800 PCIe,8192,64,fp32,pytorch_dense,1.678817740353671,2.938989020884037,4.609941323598226,ok,
NVIDIA H800 PCIe,8192,128,bf16,triton_fa2,0.47574893780696537,11.426504015922546,11.834524035453796,ok,
NVIDIA H800 PCIe,8192,128,bf16,pytorch_dense,0.8953435064591083,1.2658461174544167,2.149399812831435,ok,
NVIDIA H800 PCIe,8192,128,fp32,triton_fa2,8.229608709161932,19.28687400817871,26.985482533772785,ok,
NVIDIA H800 PCIe,8192,128,fp32,pytorch_dense,2.2793127468654086,3.982545326153437,6.243825054168701,ok,
NVIDIA H800 PCIe,16384,16,bf16,triton_fa2,0.40658449160986104,1.9594567029372505,2.3599472045898438,ok,
NVIDIA H800 PCIe,16384,16,bf16,pytorch_dense,2.776906329042771,4.796371245384217,7.5490707617539625,ok,
NVIDIA H800 PCIe,16384,16,fp32,triton_fa2,1.4990453282992044,4.2415497643607,5.864160031080246,ok,
NVIDIA H800 PCIe,16384,16,fp32,pytorch_dense,5.178268459108141,10.23197152879503,15.428240140279135,ok,
NVIDIA H800 PCIe,16384,32,bf16,triton_fa2,0.42046105810280504,2.695876689518199,3.148164141562677,ok,
NVIDIA H800 PCIe,16384,32,bf16,pytorch_dense,2.800005646312938,4.822878384590149,7.597482721010844,ok,
NVIDIA H800 PCIe,16384,32,fp32,triton_fa2,2.423637057605543,6.734626293182373,9.405675714666193,ok,
NVIDIA H800 PCIe,16384,32,fp32,pytorch_dense,5.434322862064137,10.518663194444445,15.96126937866211,ok,
NVIDIA H800 PCIe,16384,64,bf16,triton_fa2,0.48382297463906115,5.779176026582718,6.423080539703369,ok,
NVIDIA H800 PCIe,16384,64,bf16,pytorch_dense,2.780397190767176,4.8010015964508055,7.573565324147542,ok,
NVIDIA H800 PCIe,16384,64,fp32,triton_fa2,4.638918423652649,13.6515839440482,17.98449287414551,ok,
NVIDIA H800 PCIe,16384,64,fp32,pytorch_dense,7.007179430552891,12.735990796770368,19.634502029418947,ok,
NVIDIA H800 PCIe,16384,128,bf16,triton_fa2,1.4272096516594055,36.00846290588379,37.96015930175781,ok,
NVIDIA H800 PCIe,16384,128,bf16,pytorch_dense,2.793515317580279,4.8463807821273805,7.6189359823862715,ok,
NVIDIA H800 PCIe,16384,128,fp32,triton_fa2,24.71340799331665,57.520416259765625,80.92668914794922,ok,
NVIDIA H800 PCIe,16384,128,fp32,pytorch_dense,8.31601071357727,15.63532797495524,23.80996036529541,ok,
NVIDIA H800 PCIe,32768,16,bf16,triton_fa2,1.1716386143366495,5.786882013082504,7.0461465028616095,ok,
NVIDIA H800 PCIe,32768,16,bf16,pytorch_dense,11.029087781906128,20.124192237854004,31.136725107828777,ok,
NVIDIA H800 PCIe,32768,16,fp32,triton_fa2,5.315779580010308,12.574390820094518,17.59153938293457,ok,
NVIDIA H800 PCIe,32768,16,fp32,pytorch_dense,23.066448211669922,41.00310516357422,64.12793731689453,ok,
NVIDIA H800 PCIe,32768,32,bf16,triton_fa2,1.38985750451684,7.648378690083821,9.270646381378175,ok,
NVIDIA H800 PCIe,32768,32,bf16,pytorch_dense,11.062144160270691,20.112680435180664,31.21121088663737,ok,
NVIDIA H800 PCIe,32768,32,fp32,triton_fa2,8.644669099287553,21.5491361618042,30.341311772664387,ok,
NVIDIA H800 PCIe,32768,32,fp32,pytorch_dense,24.158152103424072,42.054847717285156,66.31558227539062,ok,
NVIDIA H800 PCIe,32768,64,bf16,triton_fa2,1.434976511531406,16.87031669616699,18.501197052001952,ok,
NVIDIA H800 PCIe,32768,64,bf16,pytorch_dense,11.082023739814758,20.17793607711792,31.252639770507812,ok,
NVIDIA H800 PCIe,32768,64,fp32,triton_fa2,16.315444946289062,42.477088928222656,59.98883056640625,ok,
NVIDIA H800 PCIe,32768,64,fp32,pytorch_dense,32.53558476765951,53.54127883911133,86.19593811035156,ok,
NVIDIA H800 PCIe,32768,128,bf16,triton_fa2,4.720724821090698,125.00275421142578,129.80157470703125,ok,
NVIDIA H800 PCIe,32768,128,bf16,pytorch_dense,11.120872020721436,20.16985559463501,31.314239501953125,ok,
NVIDIA H800 PCIe,32768,128,fp32,triton_fa2,82.91120147705078,199.62278747558594,284.301513671875,ok,
NVIDIA H800 PCIe,32768,128,fp32,pytorch_dense,37.35673522949219,64.75373077392578,103.37977600097656,ok,
NVIDIA H800 PCIe,65536,16,bf16,triton_fa2,4.164336681365967,21.314559936523438,25.360597610473633,ok,
NVIDIA H800 PCIe,65536,16,bf16,pytorch_dense,44.53843116760254,80.24784088134766,124.80876922607422,ok,
NVIDIA H800 PCIe,65536,16,fp32,triton_fa2,20.084791660308838,49.24879837036133,68.09379577636719,ok,
NVIDIA H800 PCIe,65536,16,fp32,pytorch_dense,98.80070495605469,,,partial,"backward:OutOfMemoryError:CUDA out of memory. Tried to allocate 16.00 GiB. GPU 0 has a total capacity of 79.18 GiB of which 10.01 GiB is free. Including non-PyTorch memory, this process has 69.16 GiB memory in use. Of the allocated memory 52.34 GiB is allocated by PyTorch, and 15.95 GiB is reserved by PyTorch but unallocated. If reserved but unallocated memory is large try setting PYTORCH_CUDA_ALLOC_CONF=expandable_segments:True to avoid fragmentation.  See documentation for Memory Management  (https://docs.pytorch.org/docs/stable/notes/cuda.html#optimizing-memory-usage-with-pytorch-cuda-alloc-conf) | e2e:OutOfMemoryError:CUDA out of memory. Tried to allocate 16.00 GiB. GPU 0 has a total capacity of 79.18 GiB of which 10.01 GiB is free. Including non-PyTorch memory, this process has 69.16 GiB memory in use. Of the allocated memory 68.09 GiB is allocated by PyTorch, and 197.50 MiB is reserved by PyTorch but unallocated. If reserved but unallocated memory is large try setting PYTORCH_CUDA_ALLOC_CONF=expandable_segments:True to avoid fragmentation.  See documentation for Memory Management  (https://docs.pytorch.org/docs/stable/notes/cuda.html#optimizing-memory-usage-with-pytorch-cuda-alloc-conf)"
NVIDIA H800 PCIe,65536,32,bf16,triton_fa2,5.0676328759444385,30.163029352823894,34.320335388183594,ok,
NVIDIA H800 PCIe,65536,32,bf16,pytorch_dense,44.65143966674805,80.41849517822266,125.1396484375,ok,
NVIDIA H800 PCIe,65536,32,fp32,triton_fa2,32.356544494628906,81.90438079833984,112.5343017578125,ok,
NVIDIA H800 PCIe,65536,32,fp32,pytorch_dense,102.72185516357422,,,partial,"backward:OutOfMemoryError:CUDA out of memory. Tried to allocate 16.00 GiB. GPU 0 has a total capacity of 79.18 GiB of which 10.01 GiB is free. Including non-PyTorch memory, this process has 69.16 GiB memory in use. Of the allocated memory 52.36 GiB is allocated by PyTorch, and 15.92 GiB is reserved by PyTorch but unallocated. If reserved but unallocated memory is large try setting PYTORCH_CUDA_ALLOC_CONF=expandable_segments:True to avoid fragmentation.  See documentation for Memory Management  (https://docs.pytorch.org/docs/stable/notes/cuda.html#optimizing-memory-usage-with-pytorch-cuda-alloc-conf) | e2e:OutOfMemoryError:CUDA out of memory. Tried to allocate 16.00 GiB. GPU 0 has a total capacity of 79.18 GiB of which 10.01 GiB is free. Including non-PyTorch memory, this process has 69.16 GiB memory in use. Of the allocated memory 68.12 GiB is allocated by PyTorch, and 169.50 MiB is reserved by PyTorch but unallocated. If reserved but unallocated memory is large try setting PYTORCH_CUDA_ALLOC_CONF=expandable_segments:True to avoid fragmentation.  See documentation for Memory Management  (https://docs.pytorch.org/docs/stable/notes/cuda.html#optimizing-memory-usage-with-pytorch-cuda-alloc-conf)"
NVIDIA H800 PCIe,65536,64,bf16,triton_fa2,5.318702194425795,63.4095344543457,69.2281265258789,ok,
NVIDIA H800 PCIe,65536,64,bf16,pytorch_dense,44.90433692932129,80.66957092285156,125.5634536743164,ok,
NVIDIA H800 PCIe,65536,64,fp32,triton_fa2,61.34080123901367,165.40170288085938,225.4396514892578,ok,
NVIDIA H800 PCIe,65536,64,fp32,pytorch_dense,127.65321350097656,,,partial,"backward:OutOfMemoryError:CUDA out of memory. Tried to allocate 16.00 GiB. GPU 0 has a total capacity of 79.18 GiB of which 10.01 GiB is free. Including non-PyTorch memory, this process has 69.16 GiB memory in use. Of the allocated memory 52.41 GiB is allocated by PyTorch, and 15.88 GiB is reserved by PyTorch but unallocated. If reserved but unallocated memory is large try setting PYTORCH_CUDA_ALLOC_CONF=expandable_segments:True to avoid fragmentation.  See documentation for Memory Management  (https://docs.pytorch.org/docs/stable/notes/cuda.html#optimizing-memory-usage-with-pytorch-cuda-alloc-conf) | e2e:OutOfMemoryError:CUDA out of memory. Tried to allocate 16.00 GiB. GPU 0 has a total capacity of 79.18 GiB of which 10.01 GiB is free. Including non-PyTorch memory, this process has 69.16 GiB memory in use. Of the allocated memory 68.17 GiB is allocated by PyTorch, and 113.50 MiB is reserved by PyTorch but unallocated. If reserved but unallocated memory is large try setting PYTORCH_CUDA_ALLOC_CONF=expandable_segments:True to avoid fragmentation.  See documentation for Memory Management  (https://docs.pytorch.org/docs/stable/notes/cuda.html#optimizing-memory-usage-with-pytorch-cuda-alloc-conf)"
NVIDIA H800 PCIe,65536,128,bf16,triton_fa2,17.284486389160158,485.70477294921875,499.4734802246094,ok,
NVIDIA H800 PCIe,65536,128,bf16,pytorch_dense,46.13214302062988,81.8691177368164,128.0133056640625,ok,
NVIDIA H800 PCIe,65536,128,fp32,triton_fa2,300.7447509765625,778.2648315429688,1072.37890625,ok,
NVIDIA H800 PCIe,65536,128,fp32,pytorch_dense,148.321533203125,,,partial,"backward:OutOfMemoryError:CUDA out of memory. Tried to allocate 16.00 GiB. GPU 0 has a total capacity of 79.18 GiB of which 10.01 GiB is free. Including non-PyTorch memory, this process has 69.16 GiB memory in use. Of the allocated memory 52.50 GiB is allocated by PyTorch, and 15.78 GiB is reserved by PyTorch but unallocated. If reserved but unallocated memory is large try setting PYTORCH_CUDA_ALLOC_CONF=expandable_segments:True to avoid fragmentation.  See documentation for Memory Management  (https://docs.pytorch.org/docs/stable/notes/cuda.html#optimizing-memory-usage-with-pytorch-cuda-alloc-conf) | e2e:OutOfMemoryError:CUDA out of memory. Tried to allocate 16.00 GiB. GPU 0 has a total capacity of 79.18 GiB of which 10.01 GiB is free. Including non-PyTorch memory, this process has 69.16 GiB memory in use. Of the allocated memory 68.28 GiB is allocated by PyTorch, and 1.50 MiB is reserved by PyTorch but unallocated. If reserved but unallocated memory is large try setting PYTORCH_CUDA_ALLOC_CONF=expandable_segments:True to avoid fragmentation.  See documentation for Memory Management  (https://docs.pytorch.org/docs/stable/notes/cuda.html#optimizing-memory-usage-with-pytorch-cuda-alloc-conf)"
