gpu,seq_len,head_dim,dtype,candidate,block_q,block_k,num_warps,num_stages,backward_ms,e2e_ms,status,error,warmup_ms,rep_ms
NVIDIA H800 PCIe,128,128,bf16,q32k64w4s3,32,64,4,3,0.11312355542624439,0.16586188999421758,ok,,15,50
NVIDIA H800 PCIe,128,128,bf16,q32k64w8s3,32,64,8,3,0.06671578374629963,0.15466731714039314,ok,,15,50
NVIDIA H800 PCIe,128,128,bf16,q32k64w8s2,32,64,8,2,0.06725709461852124,0.16504508221850675,ok,,15,50
NVIDIA H800 PCIe,128,128,bf16,q64k64w8s2,64,64,8,2,0.08932667524571632,0.1610916633024273,ok,,15,50
NVIDIA H800 PCIe,128,128,bf16,q64k32w8s3,64,32,8,3,0.05681011487526455,0.15271440947271256,ok,,15,50
NVIDIA H800 PCIe,256,128,bf16,q32k64w4s3,32,64,4,3,0.19910079936186473,0.2636318715810776,ok,,15,50
NVIDIA H800 PCIe,256,128,bf16,q32k64w8s3,32,64,8,3,0.12385250356615773,0.16237708733037667,ok,,15,50
NVIDIA H800 PCIe,256,128,bf16,q32k64w8s2,32,64,8,2,0.12471452340383658,0.16326301860297385,ok,,15,50
NVIDIA H800 PCIe,256,128,bf16,q64k64w8s2,64,64,8,2,0.1491507206360499,0.16311898780397222,ok,,15,50
NVIDIA H800 PCIe,256,128,bf16,q64k32w8s3,64,32,8,3,0.07770506977875602,0.15564878522618417,ok,,15,50
NVIDIA H800 PCIe,512,128,bf16,q32k64w4s3,32,64,4,3,0.37141344680431043,0.388014107301671,ok,,15,50
NVIDIA H800 PCIe,512,128,bf16,q32k64w8s3,32,64,8,3,0.23920819187164308,0.2528944381368839,ok,,15,50
NVIDIA H800 PCIe,512,128,bf16,q32k64w8s2,32,64,8,2,0.2406980533779195,0.24889993423321208,ok,,15,50
NVIDIA H800 PCIe,512,128,bf16,q64k64w8s2,64,64,8,2,0.26919713055985606,0.2812137743701106,ok,,15,50
NVIDIA H800 PCIe,512,128,bf16,q64k32w8s3,64,32,8,3,0.14733431596112878,0.20755159477644328,ok,,15,50
NVIDIA H800 PCIe,1024,128,bf16,q32k64w4s3,32,64,4,3,0.740045279826758,0.7648568881882561,ok,,15,50
NVIDIA H800 PCIe,1024,128,bf16,q32k64w8s3,32,64,8,3,0.47096056970102446,0.4889458700433954,ok,,15,50
NVIDIA H800 PCIe,1024,128,bf16,q32k64w8s2,32,64,8,2,0.47511031517857,0.4862596927545009,ok,,15,50
NVIDIA H800 PCIe,1024,128,bf16,q64k64w8s2,64,64,8,2,0.5203075844850114,0.5294570971841681,ok,,15,50
NVIDIA H800 PCIe,1024,128,bf16,q64k32w8s3,64,32,8,3,0.2842446353948005,0.3065116987475809,ok,,15,50
NVIDIA H800 PCIe,2048,128,bf16,q32k64w4s3,32,64,4,3,1.5338525686945235,1.5782548572335924,ok,,15,50
NVIDIA H800 PCIe,2048,128,bf16,q32k64w8s3,32,64,8,3,0.9462293340609624,0.9857676185312725,ok,,15,50
NVIDIA H800 PCIe,2048,128,bf16,q32k64w8s2,32,64,8,2,0.9728502872444335,0.993832929189815,ok,,15,50
NVIDIA H800 PCIe,2048,128,bf16,q64k64w8s2,64,64,8,2,1.0423127979040145,1.055119988322258,ok,,15,50
NVIDIA H800 PCIe,2048,128,bf16,q64k32w8s3,64,32,8,3,0.567065601165478,0.6029304211789911,ok,,15,50
NVIDIA H800 PCIe,4096,128,bf16,q32k64w4s3,32,64,4,3,3.3182948657444546,3.3524114234106883,ok,,15,50
NVIDIA H800 PCIe,4096,128,bf16,q32k64w8s3,32,64,8,3,2.2021540842558207,2.2657280206680297,ok,,15,50
NVIDIA H800 PCIe,4096,128,bf16,q32k64w8s2,32,64,8,2,2.1948784646533785,2.2452143907546995,ok,,15,50
NVIDIA H800 PCIe,4096,128,bf16,q64k64w8s2,64,64,8,2,2.0918338752928234,2.195567244575137,ok,,15,50
NVIDIA H800 PCIe,4096,128,bf16,q64k32w8s3,64,32,8,3,1.7619660806655884,1.8189350366592407,ok,,15,50
NVIDIA H800 PCIe,128,128,fp32,q32k32w4s1,32,32,4,1,0.11842385091766808,0.1652227577215396,ok,,15,50
NVIDIA H800 PCIe,128,128,fp32,q32k32w8s1,32,32,8,1,0.10370916122150037,0.1591761905167784,ok,,15,50
NVIDIA H800 PCIe,128,128,fp32,q64k32w8s1,64,32,8,1,0.14293223244528616,0.21727585621017345,ok,,15,50
NVIDIA H800 PCIe,128,128,fp32,q32k64w8s1,32,64,8,1,0.09887631467797539,0.1621062173900834,ok,,15,50
NVIDIA H800 PCIe,128,128,fp32,q32k32w4s2,32,32,4,2,0.12865851500874045,0.17177885410132682,ok,,15,50
NVIDIA H800 PCIe,256,128,fp32,q32k32w4s1,32,32,4,1,0.22228603614004036,0.3030122856476477,ok,,15,50
NVIDIA H800 PCIe,256,128,fp32,q32k32w8s1,32,32,8,1,0.19853551493901195,0.2772973343729973,ok,,15,50
NVIDIA H800 PCIe,256,128,fp32,q64k32w8s1,64,32,8,1,0.2951515421980903,0.37474639176093427,ok,,15,50
NVIDIA H800 PCIe,256,128,fp32,q32k64w8s1,32,64,8,1,0.18646020734751667,0.2663245525786547,ok,,15,50
NVIDIA H800 PCIe,256,128,fp32,q32k32w4s2,32,32,4,2,0.23917626639207204,0.32293362777542184,ok,,15,50
NVIDIA H800 PCIe,512,128,fp32,q32k32w4s1,32,32,4,1,0.4402634814962164,0.5999411765266868,ok,,15,50
NVIDIA H800 PCIe,512,128,fp32,q32k32w8s1,32,32,8,1,0.38848441325384997,0.545920436512934,ok,,15,50
NVIDIA H800 PCIe,512,128,fp32,q64k32w8s1,64,32,8,1,0.578146904706955,0.733850944460484,ok,,15,50
NVIDIA H800 PCIe,512,128,fp32,q32k64w8s1,32,64,8,1,0.36357963627034967,0.5207840008170981,ok,,15,50
NVIDIA H800 PCIe,512,128,fp32,q32k32w4s2,32,32,4,2,0.46471937678077,0.6245425205964309,ok,,15,50
NVIDIA H800 PCIe,1024,128,fp32,q32k32w4s1,32,32,4,1,0.908477869298723,1.2246622376971774,ok,,15,50
NVIDIA H800 PCIe,1024,128,fp32,q32k32w8s1,32,32,8,1,0.7617618126689263,1.0674684861811197,ok,,15,50
NVIDIA H800 PCIe,1024,128,fp32,q64k32w8s1,64,32,8,1,1.1425444338772748,1.4487979335169638,ok,,15,50
NVIDIA H800 PCIe,1024,128,fp32,q32k64w8s1,32,64,8,1,0.7136308529547283,1.010637709072658,ok,,15,50
NVIDIA H800 PCIe,1024,128,fp32,q32k32w4s2,32,32,4,2,0.9735750250700044,1.2680877719606671,ok,,15,50
NVIDIA H800 PCIe,2048,128,fp32,q32k32w4s1,32,32,4,1,1.8375146587689717,2.440234108975059,ok,,15,50
NVIDIA H800 PCIe,2048,128,fp32,q32k32w8s1,32,32,8,1,1.5401218487666204,2.1550750391823903,ok,,15,50
NVIDIA H800 PCIe,2048,128,fp32,q64k32w8s1,64,32,8,1,2.2891295909881593,2.90030999481678,ok,,15,50
NVIDIA H800 PCIe,2048,128,fp32,q32k64w8s1,32,64,8,1,1.4300373355547586,2.0772451053966177,ok,,15,50
NVIDIA H800 PCIe,2048,128,fp32,q32k32w4s2,32,32,4,2,1.9748930931091309,2.625454200638665,ok,,15,50
NVIDIA H800 PCIe,4096,128,fp32,q32k32w4s1,32,32,4,1,4.988714694976807,6.947465147290911,ok,,15,50
NVIDIA H800 PCIe,4096,128,fp32,q32k32w8s1,32,32,8,1,6.144512040274484,8.138495922088623,ok,,15,50
NVIDIA H800 PCIe,4096,128,fp32,q64k32w8s1,64,32,8,1,6.2663406644548685,8.485145568847656,ok,,15,50
NVIDIA H800 PCIe,4096,128,fp32,q32k64w8s1,32,64,8,1,3.6915146311124167,5.575563967227936,ok,,15,50
NVIDIA H800 PCIe,4096,128,fp32,q32k32w4s2,32,32,4,2,6.389828545706613,8.138534355163575,ok,,15,50
