Time (%),Total Time (ns),Instances,Avg (ns),Med (ns),Min (ns),Max (ns),StdDev (ns),Name
56.4,123004270,504,244056.1,114693.0,108516,442482,152623.6,ampere_sgemm_128x64_tn
5.5,12002744,144,83352.4,83683.5,64418,103237,17215.4,ampere_sgemm_128x128_nn
4.8,10503446,72,145881.2,146166.0,142886,148678,1419.8,"void at::native::vectorized_elementwise_kernel<(int)4, at::native::BUnaryFunctor<float, float, float, at::native::binary_internal::MulFunctor<float>>, std::array<char *, (unsigned long)2>>(int, T2, T3)"
4.8,10495251,72,145767.4,145798.0,143942,147430,754.4,"void at::native::vectorized_elementwise_kernel<(int)4, at::native::exp_kernel_cuda(at::TensorIteratorBase &)::[lambda() (instance 2)]::operator ()() const::[lambda() (instance 2)]::operator ()() const::[lambda(float) (instance 1)], std::array<char *, (unsigned long)2>>(int, T2, T3)"
4.4,9527565,216,44109.1,7264.0,6752,119877,52544.1,"void at::native::elementwise_kernel<(int)128, (int)2, void at::native::gpu_kernel_impl_nocast<at::native::CUDAFunctor_add<float>>(at::TensorIteratorBase &, const T1 &)::[lambda(int) (instance 1)]>(int, T3)"
4.2,9221094,219,42105.5,6368.0,6208,116517,51232.9,"void at::native::elementwise_kernel<(int)128, (int)2, void at::native::gpu_kernel_impl_nocast<at::native::BinaryFunctor<float, float, float, at::native::binary_internal::DivFunctor<float>>>(at::TensorIteratorBase &, const T1 &)::[lambda(int) (instance 1)]>(int, T3)"
4.2,9115382,72,126602.5,126485.0,125541,128389,597.6,"void at::native::elementwise_kernel<(int)128, (int)2, void at::native::gpu_kernel_impl_nocast<at::native::<unnamed>::masked_fill_kernel(at::TensorIterator &, const c10::Scalar &)::[lambda() (instance 1)]::operator ()() const::[lambda() (instance 7)]::operator ()() const::[lambda(float, bool) (instance 1)]>(at::TensorIteratorBase &, const T1 &)::[lambda(int) (instance 1)]>(int, T3)"
2.8,6078205,576,10552.4,6208.0,5984,28001,7743.2,"void at::native::elementwise_kernel<(int)128, (int)2, void at::native::gpu_kernel_impl_nocast<at::native::direct_copy_kernel_cuda(at::TensorIteratorBase &)::[lambda() (instance 3)]::operator ()() const::[lambda() (instance 7)]::operator ()() const::[lambda(float) (instance 1)]>(at::TensorIteratorBase &, const T1 &)::[lambda(int) (instance 1)]>(int, T3)"
2.6,5701166,72,79182.9,79203.5,77219,81668,974.5,"void at::native::vectorized_elementwise_kernel<(int)4, at::native::BinaryFunctor<float, float, float, at::native::binary_internal::MulFunctor<float>>, std::array<char *, (unsigned long)3>>(int, T2, T3)"
2.1,4495222,72,62433.6,62530.0,59874,64739,993.8,"void at::native::vectorized_elementwise_kernel<(int)4, at::native::<unnamed>::silu_kernel(at::TensorIteratorBase &)::[lambda() (instance 1)]::operator ()() const::[lambda() (instance 2)]::operator ()() const::[lambda(float) (instance 1)], std::array<char *, (unsigned long)2>>(int, T2, T3)"
1.7,3683096,72,51154.1,51058.0,48418,53602,1077.1,"void at::native::reduce_kernel<(int)512, (int)1, at::native::ReduceOp<float, at::native::func_wrapper_t<float, at::native::sum_functor<float, float, float>::operator ()(at::TensorIterator &)::[lambda(float, float) (instance 1)]>, unsigned int, float, (int)4, (int)4>>(T3)"
1.3,2806261,3,935420.3,935911.0,932391,937959,2816.2,ampere_sgemm_128x128_tn
1.3,2782925,435,6397.5,6496.0,6080,7584,185.2,"void at::native::elementwise_kernel<(int)128, (int)2, void at::native::gpu_kernel_impl_nocast<at::native::BinaryFunctor<float, float, float, at::native::binary_internal::MulFunctor<float>>>(at::TensorIteratorBase &, const T1 &)::[lambda(int) (instance 1)]>(int, T3)"
0.9,1993462,72,27687.0,27681.5,26977,28385,284.0,"void at::native::reduce_kernel<(int)512, (int)1, at::native::ReduceOp<float, at::native::MaxOps<float>, unsigned int, float, (int)4, (int)4>>(T3)"
0.9,1966736,144,13657.9,13648.5,6048,15424,1410.5,"void at::native::elementwise_kernel<(int)128, (int)2, void at::native::gpu_kernel_impl_nocast<at::native::neg_kernel_cuda(at::TensorIteratorBase &)::[lambda() (instance 2)]::operator ()() const::[lambda() (instance 7)]::operator ()() const::[lambda(float) (instance 1)]>(at::TensorIteratorBase &, const T1 &)::[lambda(int) (instance 1)]>(int, T3)"
0.9,1900460,144,13197.6,13296.5,12257,14176,475.2,"void at::native::vectorized_elementwise_kernel<(int)4, at::native::CUDAFunctor_add<float>, std::array<char *, (unsigned long)3>>(int, T2, T3)"
0.4,820068,147,5578.7,5537.0,5344,5985,147.2,"void at::native::vectorized_elementwise_kernel<(int)4, void at::native::<unnamed>::pow_tensor_scalar_kernel_impl<float, float>(at::TensorIteratorBase &, T2)::[lambda(float) (instance 1)], std::array<char *, (unsigned long)2>>(int, T2, T3)"
0.3,610363,147,4152.1,4160.0,3873,4576,187.3,"void at::native::reduce_kernel<(int)512, (int)1, at::native::ReduceOp<float, at::native::MeanOps<float, float, float, float>, unsigned int, float, (int)4, (int)4>>(T3)"
0.2,486261,291,1671.0,1536.0,1408,15041,1211.7,"void at::native::vectorized_gather_kernel<(int)16, long>(char *, char *, T2 *, int, long, long, long, long, bool)"
0.1,193098,72,2681.9,2688.0,2624,3072,59.6,"void at::native::triu_tril_kernel<float, int, (bool)0, (int)2, (bool)0>(at::cuda::detail::TensorInfo<T1, T2>, at::cuda::detail::TensorInfo<const T1, T2>, long, long, T2)"
0.1,190570,72,2646.8,2624.0,2336,3072,173.2,"void at::native::vectorized_elementwise_kernel<(int)4, at::native::AUnaryFunctor<bool, bool, bool, at::native::<unnamed>::CompareEqFunctor<bool>>, std::array<char *, (unsigned long)2>>(int, T2, T3)"
0.1,178888,147,1216.9,1216.0,1184,1249,18.0,"void at::native::vectorized_elementwise_kernel<(int)4, at::native::sqrt_kernel_cuda(at::TensorIteratorBase &)::[lambda() (instance 2)]::operator ()() const::[lambda() (instance 2)]::operator ()() const::[lambda(float) (instance 1)], std::array<char *, (unsigned long)2>>(int, T2, T3)"
0.1,176133,72,2446.3,2464.0,2240,2496,35.6,"void at::native::unrolled_elementwise_kernel<at::native::direct_copy_kernel_cuda(at::TensorIteratorBase &)::[lambda() (instance 3)]::operator ()() const::[lambda() (instance 11)]::operator ()() const::[lambda(bool) (instance 1)], std::array<char *, (unsigned long)2>, (int)4, TrivialOffsetCalculator<(int)1, unsigned int>, TrivialOffsetCalculator<(int)1, unsigned int>, at::native::memory::LoadWithCast<(int)1>, at::native::memory::StoreWithCast<(int)1>>(int, T1, T2, T4, T5, T6, T7)"
0.1,158277,147,1076.7,1088.0,1024,1280,25.3,"void at::native::vectorized_elementwise_kernel<(int)4, at::native::CUDAFunctorOnSelf_add<float>, std::array<char *, (unsigned long)2>>(int, T2, T3)"
0.1,109125,72,1515.6,1536.0,1216,1696,66.9,"void at::native::vectorized_elementwise_kernel<(int)4, at::native::FillFunctor<float>, std::array<char *, (unsigned long)1>>(int, T2, T3)"
0.0,3232,2,1616.0,1616.0,1600,1632,22.6,"void at::native::<unnamed>::distribution_elementwise_grid_stride_kernel<unsigned int, (int)4, void at::native::templates::cuda::random_from_to_kernel<at::CUDAGeneratorImpl *>(at::TensorIteratorBase &, unsigned long, long, T1)::[lambda() (instance 1)]::operator ()() const::[lambda() (instance 4)]::operator ()() const::[lambda(curandStatePhilox4_32_10 *) (instance 2)], void at::native::<unnamed>::distribution_nullary_kernel<long, unsigned int, uint4, at::CUDAGeneratorImpl *, void at::native::templates::cuda::random_from_to_kernel<at::CUDAGeneratorImpl *>(at::TensorIteratorBase &, unsigned long, long, T1)::[lambda() (instance 1)]::operator ()() const::[lambda() (instance 4)]::operator ()() const::[lambda(curandStatePhilox4_32_10 *) (instance 2)], void at::native::templates::cuda::random_from_to_kernel<at::CUDAGeneratorImpl *>(at::TensorIteratorBase &, unsigned long, long, T1)::[lambda() (instance 1)]::operator ()() const::[lambda() (instance 4)]::operator ()() const::[lambda(unsigned int) (instance 1)]>(at::TensorIteratorBase &, T4, const T5 &, T6)::[lambda(int, unsigned int) (instance 1)]>(long, at::PhiloxCudaState, T3, T4)"
0.0,3008,3,1002.7,960.0,928,1120,102.9,"void <unnamed>::elementwise_kernel_with_index<int, at::native::arange_cuda_out(const c10::Scalar &, const c10::Scalar &, const c10::Scalar &, at::Tensor &)::[lambda() (instance 1)]::operator ()() const::[lambda() (instance 4)]::operator ()() const::[lambda(long) (instance 1)]>(T1, T2, function_traits<T2>::result_type *)"
